<?xml version="1.0" encoding="UTF-8"?>
<project-private xmlns="http://www.netbeans.org/ns/project-private/1">
    <editor-bookmarks xmlns="http://www.netbeans.org/ns/editor-bookmarks/2" lastBookmarkId="0"/>
    <open-files xmlns="http://www.netbeans.org/ns/projectui-open-files/2">
        <group>
            <file>file://Mac/Home/Documents/sss/src/Encryption_decryption.java</file>
            <file>file://Mac/Home/Documents/sss/src/home.java</file>
            <file>file://Mac/Home/Documents/sss/src/selectedFolder.java</file>
            <file>file://Mac/Home/Documents/sss/src/RandomKey.java</file>
            <file>file://Mac/Home/Documents/sss/src/SelectedFile.java</file>
        </group>
    </open-files>
</project-private>
